-- Desactivar temporalmente la verificación de claves foráneas
SET FOREIGN_KEY_CHECKS = 0;

-- Eliminar registros dependientes primero

-- Eliminar los registros de `DetalleVenta` (dependen de `Venta` y `Productos`)
DELETE FROM `sistemax`.`DetalleVenta`;

-- Eliminar los registros de `Venta` (dependen de `Clientes`)
DELETE FROM `sistemax`.`Venta`;

-- Eliminar los registros de `Clientes` (ya no tiene dependencias)
DELETE FROM `sistemax`.`Clientes`;

-- Ahora, eliminamos las tablas, ya que no hay dependencias

DROP TABLE IF EXISTS `sistemax`.`DetalleVenta`;
DROP TABLE IF EXISTS `sistemax`.`Venta`;
DROP TABLE IF EXISTS `sistemax`.`Clientes`;

-- Activar nuevamente la verificación de claves foráneas
SET FOREIGN_KEY_CHECKS = 1;

-- -----------------------------------------------------
-- Schema sistemax
-- -----------------------------------------------------
CREATE SCHEMA IF NOT EXISTS `sistemax` DEFAULT CHARACTER SET utf8 COLLATE utf8_spanish2_ci ;
USE `sistemax` ;

-- -----------------------------------------------------
-- Table `sistemax`.`Usuario`
-- -----------------------------------------------------
DROP TABLE IF EXISTS `sistemax`.`Usuario` ;

CREATE TABLE IF NOT EXISTS `sistemax`.`Usuario` (
  `idUsuario` INT NOT NULL AUTO_INCREMENT,
  `nick` VARCHAR(100) NOT NULL,
  `nombre` VARCHAR(100) NOT NULL,
  `pass` VARCHAR(100) NOT NULL,
  `correo` VARCHAR(100) NOT NULL,
  `nivel` VARCHAR(20) NOT NULL,
  `bloqueo` INT(1) NOT NULL,
  `foto` VARCHAR(100) NOT NULL,
  PRIMARY KEY (`idUsuario`))
ENGINE = InnoDB;

-- -----------------------------------------------------
-- Table `sistemax`.`Clientes`
-- -----------------------------------------------------
DROP TABLE IF EXISTS `sistemax`.`Clientes` ;

CREATE TABLE IF NOT EXISTS `sistemax`.`Clientes` (
  `idClientes` INT NOT NULL AUTO_INCREMENT,
  `Nombre` VARCHAR(100) NOT NULL,
  `Apellido` VARCHAR(100) NOT NULL,
  `correo` VARCHAR(100) NOT NULL,
  `fechaIngreso` VARCHAR(10) NOT NULL,
  `Telefono` VARCHAR(12) NOT NULL,
  PRIMARY KEY (`idClientes`))
ENGINE = InnoDB;

-- -----------------------------------------------------
-- Table `sistemax`.`Venta`
-- -----------------------------------------------------
DROP TABLE IF EXISTS `sistemax`.`Venta` ;

CREATE TABLE IF NOT EXISTS `sistemax`.`Venta` (
  `idVenta` INT NOT NULL,
  `fechaVenta` VARCHAR(10) NOT NULL,
  `Descripcion` VARCHAR(200) NOT NULL,
  `idClientes` INT NOT NULL,
  PRIMARY KEY (`idVenta`),
  INDEX `fk_Venta_Clientes_idx` (`idClientes` ASC),
  CONSTRAINT `fk_Venta_Clientes`
    FOREIGN KEY (`idClientes`)
    REFERENCES `sistemax`.`Clientes` (`idClientes`)
    ON DELETE NO ACTION
    ON UPDATE NO ACTION)
ENGINE = InnoDB;

-- -----------------------------------------------------
-- Table `sistemax`.`Productos`
-- -----------------------------------------------------
DROP TABLE IF EXISTS `sistemax`.`Productos` ;

CREATE TABLE IF NOT EXISTS `sistemax`.`Productos` (
  `idProductos` INT NOT NULL AUTO_INCREMENT,
  `Nombre` VARCHAR(100) NOT NULL,
  `Estado` VARCHAR(45) NOT NULL,
  `Stock` INT NOT NULL,
  PRIMARY KEY (`idProductos`))
ENGINE = InnoDB;

-- -----------------------------------------------------
-- Table `sistemax`.`DetalleVenta`
-- -----------------------------------------------------
DROP TABLE IF EXISTS `sistemax`.`DetalleVenta` ;

CREATE TABLE IF NOT EXISTS `sistemax`.`DetalleVenta` (
  `idDetalleVenta` INT NOT NULL AUTO_INCREMENT,
  `Cantidad` INT NOT NULL,
  `Descuento` DECIMAL(10,2) NOT NULL,
  `idProductos` INT NOT NULL,
  `idVenta` INT NOT NULL,
  PRIMARY KEY (`idDetalleVenta`),
  INDEX `fk_DetalleVenta_Productos1_idx` (`idProductos` ASC),
  INDEX `fk_DetalleVenta_Venta1_idx` (`idVenta` ASC),
  CONSTRAINT `fk_DetalleVenta_Productos1`
    FOREIGN KEY (`idProductos`)
    REFERENCES `sistemax`.`Productos` (`idProductos`)
    ON DELETE NO ACTION
    ON UPDATE NO ACTION,
  CONSTRAINT `fk_DetalleVenta_Venta1`
    FOREIGN KEY (`idVenta`)
    REFERENCES `sistemax`.`Venta` (`idVenta`)
    ON DELETE NO ACTION
    ON UPDATE NO ACTION)
ENGINE = InnoDB;

-- -----------------------------------------------------
-- Agregar precio a la tabla `Productos`
-- -----------------------------------------------------
ALTER TABLE `sistemax`.`Productos`
ADD COLUMN `Precio` DECIMAL(10,2) NOT NULL AFTER `Stock`;

-- -----------------------------------------------------
-- Agregar bloqueo a la tabla `Productos`
-- -----------------------------------------------------
ALTER TABLE `sistemax`.`Productos`
ADD COLUMN `Bloqueo` INT(1) NOT NULL AFTER `Precio`;

-- -----------------------------------------------------
-- Agregar estadoa la tabla `clientes`
-- -----------------------------------------------------
ALTER TABLE `sistemax`.`Clientes`
ADD COLUMN `Estado` VARCHAR(45) NOT NULL AFTER `Telefono`;

-- -----------------------------------------------------
-- Agregar bloqueo a la tabla `clientes`
-- -----------------------------------------------------
ALTER TABLE `sistemax`.`Clientes`
ADD COLUMN `Bloqueo` INT(1) NOT NULL AFTER `Estado`;

-- -----------------------------------------------------
-- Agregar registros
-- -----------------------------------------------------
INSERT INTO `sistemax`.`Usuario` (`nick`, `nombre`, `pass`, `correo`, `nivel`, `bloqueo`, `foto`)
VALUES
('juan123', 'Juan Pérez', 'password123', 'juan.perez@mail.com', 'ADMINISTRADOR', 0, 'juan123.jpg'),
('ana456', 'Ana Gómez', 'password456', 'ana.gomez@mail.com', 'ASESOR', 0, 'ana456.jpg'),
('luis789', 'Luis Martínez', 'password789', 'luis.martinez@mail.com', 'ASESOR', 0, 'luis789.jpg'),
('marta321', 'Marta Rodríguez', 'password321', 'marta.rodriguez@mail.com', 'ADMINISTRADOR', 1, 'marta321.jpg'),
('carla654', 'Carla Fernández', 'password654', 'carla.fernandez@mail.com', 'ASESOR', 0, 'carla654.jpg'),
('jorge123', 'Jorge Pérez', 'password123', 'jorge.perez@mail.com', 'ASESOR', 0, 'jorge123.jpg'),
('rosa987', 'Rosa Sánchez', 'password987', 'rosa.sanchez@mail.com', 'ADMINISTRADOR', 0, 'rosa987.jpg'),
('victor555', 'Víctor López', 'password555', 'victor.lopez@mail.com', 'ASESOR', 0, 'victor555.jpg'),
('paula111', 'Paula García', 'password111', 'paula.garcia@mail.com', 'ASESOR', 1, 'paula111.jpg'),
('joseph777', 'Joseph Ruiz', 'password777', 'joseph.ruiz@mail.com', 'ADMINISTRADOR', 0, 'joseph777.jpg');


INSERT INTO `sistemax`.`Clientes` (`Nombre`, `Apellido`, `correo`, `fechaIngreso`, `Telefono`)
VALUES
('Carlos', 'Mendoza', 'carlos.mendoza@mail.com', '2024-01-01', '5551234567'),
('Sofía', 'López', 'sofia.lopez@mail.com', '2024-02-02', '5552345678'),
('Miguel', 'García', 'miguel.garcia@mail.com', '2024-03-03', '5553456789'),
('Valeria', 'Ruiz', 'valeria.ruiz@mail.com', '2024-04-04', '5554567890'),
('Pedro', 'Martínez', 'pedro.martinez@mail.com', '2024-05-05', '5555678901'),
('Lucía', 'Pérez', 'lucia.perez@mail.com', '2024-06-06', '5556789012'),
('Javier', 'Hernández', 'javier.hernandez@mail.com', '2024-07-07', '5557890123'),
('Clara', 'González', 'clara.gonzalez@mail.com', '2024-08-08', '5558901234'),
('Rafael', 'Sánchez', 'rafael.sanchez@mail.com', '2024-09-09', '5559012345'),
('Andrea', 'Fernández', 'andrea.fernandez@mail.com', '2024-10-10', '5550123456');

INSERT INTO `sistemax`.`Venta` (`idVenta`, `fechaVenta`, `Descripcion`, `idClientes`)
VALUES
(1, '2024-11-01', 'Compra de artículos electrónicos', 1),
(2, '2024-11-02', 'Venta de muebles de oficina', 2),
(3, '2024-11-03', 'Compra de herramientas de jardinería', 3),
(4, '2024-11-04', 'Venta de productos de cocina', 4),
(5, '2024-11-05', 'Compra de equipos de computación', 5),
(6, '2024-11-06', 'Venta de ropa deportiva', 6),
(7, '2024-11-07', 'Compra de herramientas para construcción', 7),
(8, '2024-11-08', 'Venta de electrodomésticos', 8),
(9, '2024-11-09', 'Compra de accesorios de oficina', 9),
(10, '2024-11-10', 'Venta de equipos de fotografía', 10);

INSERT INTO `sistemax`.`Productos` (`Nombre`, `Estado`, `Stock`, `Precio`, `Bloqueo`)
VALUES
('Laptop', 'Nuevo', 100, 799.99, 0),
('Silla de oficina', 'Nuevo', 50, 49.99, 0),
('Martillo', 'Usado', 200, 15.99, 0),
('Olla', 'Nuevo', 30, 29.99, 0),
('Monitor', 'Nuevo', 75, 199.99, 0),
('Camiseta', 'Nuevo', 150, 19.99, 0),
('Pico', 'Usado', 100, 12.99, 0),
('Licuadora', 'Nuevo', 40, 99.99, 0),
('Cuaderno', 'Nuevo', 500, 2.99, 0),
('Cámara fotográfica', 'Nuevo', 60, 299.99, 0);

INSERT INTO `sistemax`.`DetalleVenta` (`Cantidad`, `Descuento`, `idProductos`, `idVenta`)
VALUES
(1, 0.00, 1, 1),
(2, 5.00, 2, 1),
(1, 10.00, 3, 2),
(3, 0.00, 4, 3),
(1, 20.00, 5, 4),
(2, 10.00, 6, 5),
(1, 5.00, 7, 6),
(3, 0.00, 8, 7),
(2, 15.00, 9, 8),
(1, 10.00, 10, 9);
